id,gender,birthday,region,last_visited
1,М,2007-07-15 18:53:02,Город Москва,2023-09-20 18:00:34.464576
2,Ж,2007-06-16 11:48:48,Краснодарский край,2023-10-04 16:01:11.464583
3,М,2010-08-09 14:11:20,Город Санкт-Петербург,2023-09-27 17:14:43.464586
4,М,2008-07-03 10:50:41,Город Санкт-Петербург,2023-09-27 13:46:11.464589
5,М,2010-02-15 23:03:02,Краснодарский край,2023-10-12 10:16:43.464591
6,Ж,2010-08-04 09:22:40,Город Санкт-Петербург,2023-10-13 12:14:47.464594
7,М,2007-09-15 23:05:50,Город Москва,2023-10-01 18:16:02.464596
8,Ж,2009-12-11 00:38:52,Город Санкт-Петербург,2023-10-02 05:27:43.464599
9,М,2007-10-13 17:36:35,Город Санкт-Петербург,2023-10-03 09:25:51.464601
10,Ж,2009-06-17 05:58:50,Город Москва,2023-09-21 19:04:31.464604
11,Ж,2010-10-13 05:06:37,Город Москва,2023-10-08 19:41:16.464606
12,Ж,2006-12-31 13:42:19,Город Москва,2023-10-06 02:23:12.464609
13,М,2007-07-06 07:10:36,Город Москва,2023-10-02 16:13:53.464611
14,Ж,2009-11-17 19:00:24,Новосибирская область,2023-10-07 10:44:41.464614
15,Ж,2009-11-19 17:49:50,Город Москва,2023-09-27 09:13:41.464616
16,Ж,2010-01-31 05:13:05,Город Санкт-Петербург,2023-09-27 09:54:35.464619
17,Ж,2008-03-03 05:03:44,Город Москва,2023-10-11 09:56:12.464621
18,Ж,2007-01-03 08:44:33,Город Санкт-Петербург,2023-10-08 08:58:38.464624
19,Ж,2010-10-01 16:47:46,Город Москва,2023-09-20 09:56:16.464626
20,М,2008-05-29 17:42:55,Город Москва,2023-09-17 23:45:20.464628
21,М,2010-06-07 14:17:40,Нижегородская область,2023-10-03 04:11:00.464631
22,Ж,2009-11-18 02:51:19,Город Санкт-Петербург,2023-09-30 06:23:50.464633
23,Ж,2007-06-01 02:05:48,Краснодарский край,2023-09-18 09:17:58.464636
24,М,2010-08-11 16:19:18,Город Москва,2023-09-25 01:42:49.464638
25,Ж,2009-01-04 23:30:56,Новосибирская область,2023-09-20 09:51:37.464640
26,Ж,2009-07-14 06:46:07,Город Санкт-Петербург,2023-10-15 08:35:31.464643
27,Ж,2010-08-26 20:29:01,Город Санкт-Петербург,2023-09-25 15:21:44.464646
28,М,2006-12-12 04:13:58,Город Москва,2023-10-14 04:08:09.464648
29,М,2006-11-01 11:32:10,Город Москва,2023-09-28 01:34:22.464651
30,Ж,2007-01-03 20:41:11,Город Москва,2023-10-15 14:34:34.464653
31,Ж,2007-05-22 06:16:04,Город Москва,2023-10-02 16:06:48.464656
32,Ж,2006-10-27 20:42:51,Город Санкт-Петербург,2023-10-07 01:28:54.464658
33,Ж,2007-05-08 20:29:05,Нижегородская область,2023-09-30 12:40:06.464660
34,М,2008-05-12 04:06:30,Город Москва,2023-10-04 09:09:12.464663
35,Ж,2009-08-02 16:10:21,Краснодарский край,2023-09-21 13:48:18.464665
36,Ж,2009-02-23 12:49:25,Новосибирская область,2023-09-19 11:06:58.464668
37,Ж,2008-07-21 20:40:11,Город Москва,2023-09-18 20:48:59.464670
38,Ж,2008-12-29 03:19:30,Город Москва,2023-10-01 09:53:10.464673
39,Ж,2007-07-04 19:50:23,Город Санкт-Петербург,2023-10-08 03:54:54.464675
40,Ж,2007-10-08 21:39:16,Город Санкт-Петербург,2023-09-28 21:40:43.464678
41,Ж,2009-04-06 07:33:23,Краснодарский край,2023-09-19 21:46:11.464680
42,М,2007-04-13 17:05:14,Краснодарский край,2023-10-11 17:20:49.464683
43,Ж,2007-06-03 15:27:56,Новосибирская область,2023-09-28 08:51:17.464685
44,М,2008-02-08 08:00:20,Город Санкт-Петербург,2023-09-30 03:01:23.464687
45,Ж,2007-10-04 06:25:20,Город Москва,2023-10-06 10:35:43.464690
46,Ж,2010-06-19 16:11:02,Город Санкт-Петербург,2023-10-04 06:47:51.464692
47,М,2008-04-08 17:07:54,Новосибирская область,2023-10-11 03:31:18.464695
48,Ж,2009-05-14 09:20:49,Новосибирская область,2023-10-02 09:00:01.464697
49,Ж,2008-05-21 22:10:19,Город Москва,2023-10-02 18:15:24.464700
50,Ж,2007-11-25 22:55:38,Краснодарский край,2023-09-23 20:37:01.464702
51,М,2008-01-20 12:40:57,Город Санкт-Петербург,2023-10-01 06:35:00.464705
52,М,2007-01-06 08:32:11,Город Москва,2023-09-25 02:22:50.464708
53,М,2007-10-23 09:50:15,Город Санкт-Петербург,2023-10-03 10:29:04.464710
54,Ж,2007-12-07 05:38:06,Город Москва,2023-10-09 19:22:54.464713
55,Ж,2007-01-13 14:27:38,Город Москва,2023-10-15 14:34:47.464715
56,Ж,2007-01-07 05:09:54,Город Санкт-Петербург,2023-10-05 21:10:36.464717
57,Ж,2009-08-25 02:21:35,Краснодарский край,2023-09-21 16:20:59.464720
58,М,2008-03-02 14:34:37,Город Санкт-Петербург,2023-10-07 13:23:14.464722
59,М,2010-03-25 13:43:24,Город Москва,2023-09-24 18:22:29.464725
60,Ж,2008-11-10 14:09:39,Новосибирская область,2023-09-19 20:41:50.464727
61,Ж,2009-04-03 01:56:11,Новосибирская область,2023-09-27 16:25:49.464729
62,М,2007-04-22 05:30:46,Город Санкт-Петербург,2023-10-05 15:37:23.464732
63,Ж,2010-09-11 17:49:27,Краснодарский край,2023-09-20 12:10:05.464734
64,М,2007-10-05 00:43:40,Город Москва,2023-09-27 19:45:45.464736
65,М,2008-06-19 07:50:34,Город Москва,2023-10-08 01:02:21.464739
66,Ж,2009-06-22 16:04:35,Краснодарский край,2023-10-11 18:30:34.464741
67,М,2009-05-02 03:09:46,Город Москва,2023-09-18 10:12:15.464744
68,М,2007-07-06 01:41:10,Город Москва,2023-10-17 09:16:34.464746
69,Ж,2008-02-10 15:49:02,Город Санкт-Петербург,2023-09-23 05:55:23.464749
70,Ж,2008-08-23 13:49:37,Город Москва,2023-10-08 13:18:12.464751
71,Ж,2010-01-21 10:46:30,Новосибирская область,2023-10-15 01:15:36.464753
72,М,2009-08-04 09:16:16,Город Москва,2023-10-04 00:40:07.464756
73,Ж,2008-12-19 13:55:16,Город Москва,2023-10-16 01:36:41.464758
74,М,2009-06-26 11:35:26,Город Санкт-Петербург,2023-10-02 14:03:07.464761
75,Ж,2008-05-16 13:39:12,Нижегородская область,2023-09-27 09:07:58.464763
76,М,2007-05-30 14:10:16,Город Москва,2023-10-12 08:52:23.464766
77,М,2008-09-20 14:04:24,Город Москва,2023-09-19 00:59:24.464768
78,М,2010-07-16 20:29:44,Город Москва,2023-09-19 10:11:53.464771
79,Ж,2006-11-10 18:23:42,Город Москва,2023-10-14 14:03:48.464774
80,М,2010-04-26 08:58:48,Нижегородская область,2023-10-04 13:12:14.464776
81,Ж,2007-11-01 23:06:42,Город Санкт-Петербург,2023-10-14 09:18:58.464779
82,М,2009-06-08 21:47:59,Краснодарский край,2023-09-27 02:12:48.464781
83,Ж,2010-10-05 03:49:57,Новосибирская область,2023-09-29 09:31:43.464784
84,М,2007-02-20 06:15:51,Город Москва,2023-09-19 17:44:19.464786
85,М,2008-06-02 09:28:12,Новосибирская область,2023-10-08 00:49:38.464788
86,Ж,2009-04-02 02:03:34,Город Санкт-Петербург,2023-09-21 19:03:37.464791
87,Ж,2008-11-03 12:57:11,Город Москва,2023-10-09 15:59:07.464793
88,М,2007-06-04 22:17:53,Город Москва,2023-09-25 19:38:56.464796
89,М,2007-01-04 07:48:00,Город Санкт-Петербург,2023-09-20 01:27:27.464798
90,М,2006-10-24 17:27:47,Город Санкт-Петербург,2023-10-05 09:02:12.464800
91,М,2010-05-20 23:52:40,Город Москва,2023-09-21 04:02:18.464802
92,М,2007-02-07 03:49:19,Нижегородская область,2023-09-23 15:11:01.464805
93,Ж,2008-11-09 21:32:59,Новосибирская область,2023-09-22 00:46:02.464807
94,М,2008-10-16 03:18:25,Город Москва,2023-10-07 03:00:27.464810
95,Ж,2009-10-25 14:17:43,Город Москва,2023-10-08 17:42:44.464812
96,М,2009-08-01 07:08:11,Новосибирская область,2023-09-29 11:26:32.464815
97,Ж,2008-10-29 21:14:40,Новосибирская область,2023-10-03 14:16:05.464818
98,М,2009-05-26 03:35:50,Город Москва,2023-10-01 13:06:04.464820
99,Ж,2008-11-04 08:34:48,Город Москва,2023-09-29 16:22:15.464823
100,М,2008-10-28 04:59:21,Нижегородская область,2023-09-27 08:11:42.464825
101,М,2009-06-09 17:57:37,Город Москва,2023-10-11 20:40:43.464828
102,Ж,2008-12-31 07:49:28,Город Москва,2023-10-02 10:28:01.464830
103,Ж,2007-10-05 14:45:22,Город Санкт-Петербург,2023-10-13 04:11:07.464833
104,Ж,2007-09-10 03:46:13,Город Москва,2023-10-15 18:59:54.464835
105,М,2008-07-10 23:05:55,Город Санкт-Петербург,2023-10-07 08:26:19.464838
106,М,2008-11-01 04:04:32,Город Москва,2023-09-21 11:03:45.464840
107,М,2010-09-25 00:02:32,Город Москва,2023-09-26 16:51:53.464843
108,М,2009-06-12 00:29:10,Город Москва,2023-10-16 00:36:15.464845
109,Ж,2009-12-06 00:50:57,Город Москва,2023-10-09 23:38:22.464847
110,М,2007-03-31 23:18:58,Город Москва,2023-09-21 14:50:05.464855
111,Ж,2010-04-29 22:38:51,Город Москва,2023-10-07 21:49:37.464858
112,М,2009-10-03 13:49:51,Город Санкт-Петербург,2023-09-28 17:19:32.464861
113,Ж,2008-10-21 13:48:42,Город Москва,2023-09-26 07:15:05.464863
114,М,2007-01-03 14:26:28,Город Москва,2023-09-20 07:53:22.464866
115,Ж,2010-06-02 00:47:58,Город Санкт-Петербург,2023-10-13 20:50:59.464868
116,Ж,2009-05-04 16:28:15,Город Санкт-Петербург,2023-10-05 09:36:51.464871
117,М,2007-12-09 19:02:38,Город Москва,2023-10-11 21:47:27.464873
118,Ж,2010-07-05 14:34:14,Город Москва,2023-09-30 00:11:53.464876
119,Ж,2008-02-09 05:25:54,Город Москва,2023-10-08 20:39:16.464878
120,Ж,2007-08-12 10:11:34,Нижегородская область,2023-10-13 07:03:20.464880
121,М,2009-06-17 06:26:03,Город Москва,2023-10-04 06:39:04.464882
122,Ж,2006-11-27 05:13:33,Нижегородская область,2023-10-01 14:14:44.464885
123,Ж,2009-01-31 19:20:06,Город Москва,2023-09-23 01:30:30.464887
124,М,2010-03-12 11:44:48,Город Москва,2023-09-28 11:56:10.464889
125,Ж,2008-08-13 12:08:41,Город Москва,2023-10-14 05:22:29.464892
126,Ж,2009-08-01 22:48:06,Город Москва,2023-10-05 23:26:06.464894
127,М,2009-07-09 12:14:03,Город Москва,2023-09-21 11:47:29.464897
128,Ж,2008-05-06 08:38:51,Город Санкт-Петербург,2023-10-07 22:45:35.464899
129,М,2007-11-12 11:42:13,Город Москва,2023-09-22 19:41:34.464901
130,М,2010-06-11 18:06:52,Краснодарский край,2023-09-30 04:47:51.464904
131,М,2007-12-20 12:02:48,Нижегородская область,2023-09-21 05:51:03.464907
132,Ж,2010-09-28 06:05:10,Нижегородская область,2023-10-02 11:20:25.464909
133,М,2008-06-07 06:06:33,Город Москва,2023-10-11 04:12:39.464912
134,М,2009-04-08 04:54:18,Краснодарский край,2023-10-07 02:11:59.464914
135,М,2010-08-16 07:24:36,Город Москва,2023-09-24 22:43:27.464917
136,Ж,2009-07-12 03:31:19,Город Санкт-Петербург,2023-09-26 10:48:33.464919
137,М,2008-11-30 23:11:37,Город Москва,2023-09-18 21:05:14.464921
138,Ж,2008-06-04 14:10:18,Город Москва,2023-09-20 14:24:26.464924
139,Ж,2008-09-21 06:45:24,Город Санкт-Петербург,2023-09-20 17:13:49.464926
140,Ж,2008-05-07 10:18:13,Город Москва,2023-10-14 04:21:17.464929
141,М,2010-09-06 15:27:53,Нижегородская область,2023-09-28 15:51:48.464931
142,Ж,2006-11-30 15:33:52,Нижегородская область,2023-09-28 14:13:19.464934
143,Ж,2009-12-12 16:44:26,Город Москва,2023-09-19 04:17:48.464936
144,М,2009-05-22 16:45:04,Город Москва,2023-09-19 06:09:47.464939
145,М,2010-04-20 10:48:33,Город Москва,2023-09-30 06:10:18.464941
146,М,2009-10-14 22:19:14,Город Москва,2023-10-11 16:35:52.464944
147,Ж,2006-12-18 08:26:47,Город Москва,2023-09-21 08:02:02.464946
148,М,2007-05-25 06:27:30,Город Москва,2023-10-09 02:17:42.464949
149,Ж,2010-02-23 17:12:30,Город Москва,2023-10-08 11:20:47.464952
150,Ж,2007-10-20 19:46:26,Город Москва,2023-10-10 11:41:25.464954
151,Ж,2007-04-04 12:08:55,Город Санкт-Петербург,2023-09-28 06:11:28.464956
152,Ж,2009-10-29 02:02:09,Краснодарский край,2023-10-11 14:35:29.464959
153,М,2008-04-16 12:50:00,Город Санкт-Петербург,2023-10-07 22:08:12.464961
154,Ж,2008-05-29 05:59:38,Город Санкт-Петербург,2023-10-07 10:27:08.464964
155,М,2007-09-15 03:57:47,Город Москва,2023-09-22 23:55:36.464966
156,М,2007-11-29 14:33:48,Город Москва,2023-10-13 00:59:45.464968
157,Ж,2009-07-05 14:45:09,Город Москва,2023-09-26 01:24:00.464971
158,М,2010-01-10 19:00:13,Город Москва,2023-09-22 23:56:21.464973
159,М,2006-11-04 16:11:02,Новосибирская область,2023-10-09 19:58:41.464976
160,Ж,2009-08-11 09:14:23,Краснодарский край,2023-10-06 23:58:20.464978
161,М,2009-12-12 12:26:51,Новосибирская область,2023-09-21 22:09:25.464981
162,М,2008-02-16 08:11:14,Город Москва,2023-09-26 08:43:40.464983
163,М,2008-02-09 02:35:35,Город Москва,2023-09-23 06:26:36.464986
164,М,2009-12-24 15:41:37,Город Москва,2023-10-01 22:14:05.464989
165,Ж,2008-07-12 22:07:24,Краснодарский край,2023-10-09 16:03:24.464991
166,М,2009-08-15 22:26:46,Город Санкт-Петербург,2023-10-06 18:42:42.464993
167,Ж,2010-02-15 10:54:20,Новосибирская область,2023-10-05 06:26:49.464996
168,М,2009-08-28 01:46:38,Город Москва,2023-10-11 13:29:01.464998
169,Ж,2007-10-21 16:04:20,Город Санкт-Петербург,2023-10-16 23:40:30.465000
170,М,2007-07-12 02:48:39,Город Москва,2023-10-16 19:34:18.465003
171,М,2009-06-20 17:38:30,Город Москва,2023-10-07 22:53:29.465005
172,Ж,2008-04-29 07:17:27,Город Москва,2023-09-20 22:07:38.465007
173,Ж,2009-11-28 15:01:55,Город Москва,2023-10-06 02:30:47.465010
174,М,2009-11-04 17:34:27,Город Москва,2023-10-09 13:12:16.465012
175,М,2008-03-22 18:21:29,Город Санкт-Петербург,2023-10-12 03:24:21.465015
176,М,2010-02-11 02:56:18,Город Москва,2023-10-08 15:26:51.465017
177,М,2010-01-31 00:59:15,Нижегородская область,2023-10-14 07:51:26.465020
178,М,2007-05-27 12:51:05,Краснодарский край,2023-09-21 23:04:43.465022
179,Ж,2008-11-23 13:05:09,Краснодарский край,2023-10-05 16:13:51.465024
180,М,2009-03-16 20:55:13,Новосибирская область,2023-10-07 06:29:32.465027
181,Ж,2010-05-04 20:10:21,Нижегородская область,2023-09-29 04:35:03.465029
182,М,2007-03-19 02:29:56,Город Москва,2023-09-30 19:00:03.465032
183,Ж,2008-06-04 07:56:14,Город Москва,2023-10-04 09:27:46.465034
184,Ж,2009-10-24 07:52:23,Краснодарский край,2023-10-03 03:58:35.465036
185,Ж,2007-03-06 18:37:33,Краснодарский край,2023-10-05 21:02:21.465039
186,Ж,2009-11-25 01:31:42,Город Москва,2023-09-20 07:32:43.465041
187,Ж,2008-02-21 14:05:38,Новосибирская область,2023-09-29 14:55:55.465044
188,Ж,2008-04-08 07:36:47,Город Москва,2023-10-04 08:37:38.465046
189,Ж,2010-07-21 02:20:30,Новосибирская область,2023-09-25 22:44:44.465049
190,Ж,2010-04-01 16:31:21,Город Москва,2023-09-23 17:51:31.465051
191,М,2010-02-20 10:13:28,Город Санкт-Петербург,2023-09-19 20:32:30.465054
192,Ж,2008-01-30 07:42:28,Краснодарский край,2023-10-03 15:10:09.465056
193,Ж,2007-10-30 16:45:51,Нижегородская область,2023-09-30 14:49:19.465058
194,М,2007-10-09 07:06:38,Город Санкт-Петербург,2023-10-09 14:22:34.465061
195,М,2009-01-06 21:26:55,Краснодарский край,2023-09-21 20:56:06.465063
196,М,2009-02-12 12:33:06,Город Москва,2023-09-22 12:04:02.465066
197,Ж,2010-07-06 07:28:13,Город Санкт-Петербург,2023-09-28 11:27:15.465068
198,Ж,2009-11-29 10:12:43,Нижегородская область,2023-10-02 04:56:47.465070
199,Ж,2010-05-10 09:34:11,Краснодарский край,2023-09-30 13:14:18.465073
200,Ж,2007-02-20 10:20:14,Город Москва,2023-10-09 16:45:00.465075
201,М,2010-06-18 01:06:00,Город Москва,2023-10-03 01:15:15.465077
202,Ж,2010-04-08 04:54:04,Город Санкт-Петербург,2023-10-06 03:19:48.465080
203,Ж,2010-07-22 13:39:41,Город Санкт-Петербург,2023-10-17 16:55:00.465082
204,Ж,2008-06-18 20:32:51,Город Санкт-Петербург,2023-09-30 17:25:55.465085
205,М,2009-06-13 03:33:12,Новосибирская область,2023-09-27 15:35:36.465087
206,Ж,2007-01-24 00:46:30,Город Санкт-Петербург,2023-10-13 21:54:59.465090
207,Ж,2009-02-09 01:28:51,Город Москва,2023-09-18 23:14:16.465092
208,Ж,2010-01-30 07:56:04,Город Москва,2023-10-08 12:50:48.465095
209,Ж,2008-02-04 16:25:40,Новосибирская область,2023-10-11 09:57:02.465097
210,Ж,2010-09-11 18:56:14,Город Москва,2023-10-03 05:22:12.465099
211,Ж,2009-03-13 07:42:02,Город Москва,2023-10-05 05:52:45.465102
212,Ж,2010-02-24 10:31:52,Город Санкт-Петербург,2023-10-11 08:32:26.465104
213,Ж,2008-07-24 22:22:01,Краснодарский край,2023-09-20 13:57:46.465106
214,М,2009-08-18 11:14:04,Новосибирская область,2023-09-30 18:56:55.465109
215,М,2009-11-01 20:46:28,Краснодарский край,2023-09-26 13:20:19.465111
216,Ж,2008-02-10 14:51:21,Город Санкт-Петербург,2023-10-05 20:51:46.465113
217,Ж,2010-10-09 23:00:50,Новосибирская область,2023-09-28 18:02:01.465116
218,М,2010-06-03 13:22:43,Город Москва,2023-09-29 18:35:03.465118
219,М,2010-02-02 22:00:10,Город Москва,2023-10-06 08:28:02.465121
220,М,2009-03-14 17:14:24,Город Москва,2023-10-07 06:35:10.465123
221,Ж,2010-04-30 23:37:32,Город Москва,2023-10-09 07:02:48.465125
222,Ж,2008-07-12 16:22:33,Новосибирская область,2023-10-10 23:46:55.465128
223,Ж,2008-05-15 02:30:45,Город Москва,2023-10-01 16:53:16.465130
224,Ж,2008-05-01 06:19:47,Нижегородская область,2023-10-07 14:50:39.465132
225,М,2007-10-17 22:47:10,Нижегородская область,2023-10-02 11:47:03.465135
226,М,2008-07-29 05:39:53,Новосибирская область,2023-09-27 07:54:17.465137
227,М,2008-05-04 18:25:37,Город Москва,2023-10-05 07:30:34.465139
228,Ж,2006-12-30 05:04:26,Новосибирская область,2023-09-29 22:50:13.465142
229,М,2008-08-16 14:08:09,Город Москва,2023-09-28 11:52:32.465144
230,Ж,2009-06-27 04:53:39,Нижегородская область,2023-10-04 17:25:33.465147
231,Ж,2008-11-01 11:03:58,Город Санкт-Петербург,2023-10-05 11:10:11.465149
232,М,2010-01-07 15:23:43,Нижегородская область,2023-10-17 18:42:31.465152
233,М,2009-09-23 15:09:53,Город Санкт-Петербург,2023-09-27 08:07:53.465154
234,М,2008-01-25 04:43:36,Город Москва,2023-10-10 02:41:33.465157
235,Ж,2007-10-31 15:27:10,Краснодарский край,2023-10-13 00:49:34.465159
236,М,2007-02-06 22:34:14,Город Санкт-Петербург,2023-09-18 18:22:32.465161
237,Ж,2010-02-20 05:40:15,Новосибирская область,2023-09-20 11:19:48.465164
238,М,2009-04-09 13:01:17,Нижегородская область,2023-09-18 23:48:01.465166
239,Ж,2010-04-19 00:45:46,Город Москва,2023-10-14 00:51:56.465169
240,Ж,2009-01-27 08:32:36,Краснодарский край,2023-09-27 05:46:44.465171
241,М,2010-04-28 06:21:00,Краснодарский край,2023-10-08 00:48:01.465173
242,Ж,2007-04-05 02:33:05,Город Москва,2023-10-13 16:06:31.465176
243,Ж,2006-12-30 19:34:53,Город Санкт-Петербург,2023-09-22 06:07:56.465179
244,М,2008-06-10 19:03:22,Город Москва,2023-10-16 00:44:44.465181
245,М,2010-01-07 23:02:28,Краснодарский край,2023-10-03 06:48:13.465184
246,Ж,2009-04-03 13:28:36,Город Санкт-Петербург,2023-09-21 05:42:23.465186
247,М,2008-03-02 23:35:35,Город Москва,2023-09-27 09:37:13.465188
248,Ж,2008-05-02 16:57:02,Город Москва,2023-10-17 09:43:38.465191
249,Ж,2010-07-24 12:46:56,Город Москва,2023-09-28 06:08:22.465193
250,М,2007-10-26 23:02:06,Краснодарский край,2023-10-16 18:41:14.465195
251,М,2008-02-11 07:45:57,Нижегородская область,2023-10-01 08:40:29.465198
252,Ж,2006-11-19 20:49:23,Город Москва,2023-09-24 07:20:58.465200
253,М,2008-09-05 13:44:24,Город Москва,2023-10-10 10:57:22.465203
254,Ж,2008-08-04 10:29:35,Краснодарский край,2023-10-14 17:34:03.465205
255,Ж,2008-06-07 00:50:59,Город Санкт-Петербург,2023-09-22 11:36:49.465207
256,М,2009-06-25 01:39:49,Нижегородская область,2023-09-18 04:51:22.465210
257,М,2009-04-13 18:01:41,Город Москва,2023-09-18 04:09:25.465213
258,Ж,2009-11-28 21:57:00,Нижегородская область,2023-09-19 12:31:42.465215
259,М,2010-08-14 08:09:17,Город Санкт-Петербург,2023-10-14 17:46:57.465218
260,М,2008-10-28 09:43:45,Краснодарский край,2023-09-30 18:45:17.465220
261,Ж,2007-11-01 02:13:06,Город Москва,2023-09-30 10:34:08.465223
262,Ж,2006-11-11 19:09:29,Город Санкт-Петербург,2023-10-17 20:17:52.465225
263,Ж,2007-01-17 01:24:00,Краснодарский край,2023-10-05 03:20:31.465228
264,Ж,2009-06-11 04:32:07,Город Москва,2023-10-02 20:33:37.465230
265,Ж,2007-11-07 11:31:49,Город Санкт-Петербург,2023-09-27 05:22:08.465233
266,М,2008-08-16 11:42:39,Город Санкт-Петербург,2023-10-01 23:16:06.465235
267,Ж,2007-12-08 14:36:35,Нижегородская область,2023-10-04 17:52:09.465237
268,Ж,2010-01-05 15:38:17,Новосибирская область,2023-10-04 15:52:15.465240
269,М,2007-12-05 02:47:08,Город Москва,2023-10-07 05:34:47.465242
270,М,2007-05-22 02:46:54,Новосибирская область,2023-10-09 02:59:58.465245
271,Ж,2008-09-15 04:29:16,Новосибирская область,2023-10-08 07:06:21.465247
272,М,2008-10-26 19:26:57,Город Москва,2023-10-10 21:09:15.465249
273,Ж,2010-09-04 02:09:54,Город Санкт-Петербург,2023-09-22 06:37:34.465252
274,М,2009-12-19 01:06:58,Новосибирская область,2023-10-17 16:04:43.465255
275,Ж,2007-01-08 15:58:10,Краснодарский край,2023-10-08 16:50:19.465257
276,Ж,2008-08-18 22:53:16,Краснодарский край,2023-09-24 12:52:20.465259
277,Ж,2007-10-29 13:57:37,Город Санкт-Петербург,2023-10-03 11:07:11.465262
278,М,2010-02-08 04:47:00,Нижегородская область,2023-09-23 19:32:24.465264
279,Ж,2006-12-01 15:31:53,Краснодарский край,2023-09-24 17:24:08.465266
280,М,2010-01-13 19:58:05,Город Москва,2023-10-16 01:01:47.465269
281,Ж,2010-04-21 04:09:03,Город Москва,2023-10-09 01:36:36.465271
282,Ж,2009-06-22 19:02:28,Город Москва,2023-10-07 15:15:18.465274
283,Ж,2007-01-12 05:52:20,Город Москва,2023-10-15 23:24:33.465276
284,Ж,2007-12-13 10:44:54,Город Москва,2023-10-16 22:53:37.465279
285,М,2009-04-26 11:08:02,Город Москва,2023-10-13 10:02:34.465281
286,М,2009-06-01 05:12:44,Город Москва,2023-09-23 10:57:30.465284
287,М,2008-10-25 03:34:55,Краснодарский край,2023-09-23 03:22:30.465286
288,М,2008-08-13 13:11:40,Город Санкт-Петербург,2023-09-22 07:58:33.465289
289,М,2007-09-15 21:40:24,Город Москва,2023-09-29 00:21:22.465291
290,М,2009-07-12 09:34:25,Город Санкт-Петербург,2023-10-11 09:43:23.465294
291,Ж,2008-04-17 03:25:03,Нижегородская область,2023-10-16 05:33:03.465296
292,М,2008-12-15 17:29:58,Город Санкт-Петербург,2023-10-09 23:25:56.465298
293,М,2006-11-11 09:52:17,Город Москва,2023-10-11 13:38:26.465301
294,Ж,2010-02-03 07:37:25,Город Санкт-Петербург,2023-09-24 04:39:53.465303
295,М,2007-02-12 12:54:44,Город Москва,2023-09-19 20:44:56.465305
296,М,2006-11-16 18:41:54,Город Санкт-Петербург,2023-10-08 00:01:39.465308
297,Ж,2007-01-17 02:39:03,Город Москва,2023-09-28 00:56:34.465310
298,М,2010-07-29 18:17:41,Город Москва,2023-09-25 23:12:07.465312
299,Ж,2009-07-28 23:41:11,Краснодарский край,2023-10-01 02:18:00.465315
300,М,2008-07-17 12:22:20,Краснодарский край,2023-10-08 10:24:16.465317
301,Ж,2009-01-08 13:16:57,Город Москва,2023-09-30 18:40:43.465320
302,Ж,2008-05-01 23:34:08,Город Москва,2023-10-03 09:53:03.465322
303,Ж,2009-07-08 17:08:16,Краснодарский край,2023-10-14 06:31:05.465324
304,Ж,2010-04-28 04:25:07,Город Москва,2023-10-14 10:51:14.465327
305,Ж,2009-08-26 23:10:53,Город Москва,2023-09-27 03:05:40.465329
306,Ж,2010-07-02 00:38:14,Город Москва,2023-09-22 08:47:29.465332
307,Ж,2008-01-09 21:36:54,Город Санкт-Петербург,2023-09-18 17:31:19.465334
308,Ж,2009-11-29 17:06:55,Город Москва,2023-10-14 22:30:23.465336
309,М,2010-02-13 05:26:45,Новосибирская область,2023-09-27 03:56:15.465339
310,Ж,2008-12-14 13:34:26,Город Москва,2023-09-28 20:14:49.465341
311,Ж,2009-03-17 06:50:39,Краснодарский край,2023-10-12 14:54:35.465344
312,Ж,2007-07-10 01:21:41,Город Санкт-Петербург,2023-09-19 13:28:49.465346
313,М,2009-06-23 02:47:56,Краснодарский край,2023-10-04 23:35:59.465349
314,М,2010-04-01 01:06:47,Нижегородская область,2023-10-08 11:30:16.465351
315,М,2008-01-19 22:07:30,Город Москва,2023-10-10 04:13:00.465353
316,Ж,2008-11-13 07:30:37,Город Москва,2023-09-30 01:42:52.465356
317,Ж,2009-02-16 05:18:14,Новосибирская область,2023-10-16 11:01:14.465358
318,Ж,2008-04-07 04:00:50,Город Москва,2023-09-17 22:10:54.465361
319,Ж,2010-09-09 18:11:33,Город Москва,2023-10-05 16:07:16.465363
320,М,2008-07-24 23:40:02,Краснодарский край,2023-10-09 19:49:03.465365
321,Ж,2007-05-09 00:49:21,Город Санкт-Петербург,2023-10-02 03:56:34.465368
322,М,2010-05-18 18:20:13,Краснодарский край,2023-09-29 19:12:26.465370
323,М,2007-10-27 00:55:15,Нижегородская область,2023-10-13 02:38:04.465373
324,М,2007-07-15 03:21:10,Город Санкт-Петербург,2023-09-30 15:58:35.465375
325,М,2008-03-15 10:51:57,Город Москва,2023-10-03 09:01:03.465377
326,Ж,2008-11-02 07:55:30,Новосибирская область,2023-09-21 03:00:02.465380
327,М,2010-08-01 03:50:31,Краснодарский край,2023-10-08 09:31:53.465382
328,Ж,2008-06-24 09:52:36,Город Москва,2023-10-04 11:55:37.465385
329,М,2010-06-24 20:37:04,Город Санкт-Петербург,2023-10-11 16:25:33.465387
330,Ж,2010-01-25 06:06:41,Город Москва,2023-10-17 07:28:37.465389
331,Ж,2009-02-02 12:45:21,Город Москва,2023-09-23 10:49:23.465392
332,Ж,2008-06-11 21:06:08,Город Москва,2023-10-02 19:59:23.465394
333,Ж,2008-12-08 16:04:50,Город Москва,2023-09-23 18:20:40.465397
334,М,2008-09-29 01:10:25,Город Санкт-Петербург,2023-10-05 03:42:52.465399
335,М,2008-08-19 06:37:08,Город Москва,2023-09-29 05:06:01.465402
336,Ж,2007-05-21 05:47:40,Город Санкт-Петербург,2023-10-15 10:43:51.465404
337,Ж,2010-01-19 20:12:04,Город Москва,2023-09-25 10:16:00.465408
338,Ж,2009-08-13 21:33:45,Краснодарский край,2023-10-14 13:07:53.465410
339,Ж,2007-05-24 23:29:52,Новосибирская область,2023-09-18 06:55:11.465412
340,Ж,2010-07-11 22:19:32,Город Москва,2023-09-27 14:45:05.465415
341,Ж,2010-09-14 04:34:05,Город Москва,2023-09-21 20:33:19.465417
342,Ж,2008-08-23 19:43:15,Город Москва,2023-10-13 02:55:49.465420
343,М,2007-12-09 21:13:40,Город Москва,2023-10-09 16:13:59.465422
344,М,2008-11-23 07:02:39,Город Санкт-Петербург,2023-09-26 17:27:15.465424
345,М,2009-03-10 11:44:16,Новосибирская область,2023-10-11 23:55:37.465427
346,Ж,2007-12-23 23:14:50,Город Москва,2023-10-09 04:47:36.465429
347,Ж,2010-03-07 14:44:48,Город Москва,2023-10-08 17:32:53.465432
348,М,2006-12-01 09:43:41,Город Москва,2023-10-01 08:39:46.465434
349,Ж,2009-07-07 20:34:24,Город Москва,2023-09-28 02:21:38.465436
350,М,2010-05-26 21:17:02,Город Санкт-Петербург,2023-10-06 09:22:50.465439
351,М,2007-06-23 10:43:40,Краснодарский край,2023-09-21 12:59:57.465441
352,М,2010-01-26 01:08:39,Город Москва,2023-10-12 15:20:52.465443
353,М,2008-02-24 15:09:04,Краснодарский край,2023-10-17 16:55:10.465446
354,М,2007-03-18 05:09:50,Нижегородская область,2023-09-21 22:08:09.465448
355,М,2009-03-31 11:35:35,Город Санкт-Петербург,2023-09-30 19:25:17.465451
356,Ж,2008-03-15 01:11:15,Город Санкт-Петербург,2023-10-13 21:56:33.465453
357,Ж,2008-09-02 00:45:31,Город Москва,2023-10-09 01:41:14.465455
358,М,2007-10-05 02:41:59,Город Санкт-Петербург,2023-10-04 00:48:16.465458
359,М,2008-03-02 23:11:19,Краснодарский край,2023-10-07 21:19:18.465460
360,Ж,2007-07-31 02:11:30,Нижегородская область,2023-10-04 05:22:41.465462
361,М,2008-01-20 05:10:00,Новосибирская область,2023-10-11 16:03:53.465464
362,Ж,2007-03-19 02:55:54,Город Москва,2023-09-29 08:42:41.465467
363,Ж,2008-05-13 10:30:55,Нижегородская область,2023-10-01 23:29:31.465469
364,Ж,2008-10-06 22:58:30,Город Москва,2023-10-03 20:26:56.465472
365,М,2008-12-19 17:44:05,Город Санкт-Петербург,2023-10-04 10:44:51.465474
366,М,2009-01-30 11:32:17,Город Москва,2023-10-04 06:42:58.465476
367,Ж,2008-03-16 06:54:40,Нижегородская область,2023-09-21 00:16:52.465479
368,М,2007-06-30 14:51:33,Краснодарский край,2023-10-03 16:58:00.465481
369,Ж,2009-08-15 15:53:36,Город Санкт-Петербург,2023-09-20 04:34:26.465484
370,Ж,2006-11-27 10:11:48,Краснодарский край,2023-10-16 12:17:03.465486
371,Ж,2009-01-31 18:48:56,Краснодарский край,2023-09-18 14:31:20.465488
372,Ж,2008-02-14 08:13:19,Город Москва,2023-10-04 06:12:50.465491
373,М,2007-07-26 19:11:16,Город Москва,2023-10-10 03:08:58.465493
374,М,2007-02-08 19:30:30,Город Москва,2023-10-06 16:37:52.465496
375,М,2008-02-05 09:27:58,Город Санкт-Петербург,2023-09-24 16:13:54.465498
376,Ж,2009-04-19 18:57:18,Новосибирская область,2023-10-14 14:19:21.465500
377,М,2008-10-07 08:59:27,Город Санкт-Петербург,2023-09-24 18:00:00.465503
378,Ж,2009-06-19 09:33:58,Нижегородская область,2023-09-24 07:23:40.465505
379,Ж,2008-12-31 03:07:36,Нижегородская область,2023-09-25 14:01:40.465507
380,М,2009-05-12 03:49:36,Нижегородская область,2023-10-08 20:00:49.465510
381,Ж,2010-10-01 17:15:45,Новосибирская область,2023-10-13 14:41:35.465512
382,М,2010-06-11 19:42:44,Город Москва,2023-09-30 14:10:46.465515
383,Ж,2009-06-07 12:38:45,Город Санкт-Петербург,2023-09-22 12:55:05.465517
384,Ж,2007-10-24 04:12:53,Город Москва,2023-10-07 07:52:23.465519
385,Ж,2009-03-06 02:10:49,Город Москва,2023-10-16 20:31:46.465522
386,Ж,2008-08-06 01:33:06,Новосибирская область,2023-09-29 22:31:06.465524
387,М,2009-10-14 09:29:35,Город Москва,2023-10-06 03:13:24.465527
388,Ж,2008-10-02 14:56:50,Город Москва,2023-10-01 12:51:27.465529
389,М,2008-12-29 16:13:36,Город Москва,2023-10-06 22:13:37.465531
390,Ж,2008-03-31 03:28:10,Новосибирская область,2023-09-29 14:10:53.465534
391,М,2008-04-13 17:55:05,Город Санкт-Петербург,2023-10-04 11:52:28.465536
392,Ж,2010-08-31 21:19:45,Новосибирская область,2023-09-26 02:45:56.465538
393,М,2008-06-04 17:30:35,Город Санкт-Петербург,2023-10-09 14:42:03.465541
394,М,2008-10-31 21:53:55,Краснодарский край,2023-10-05 17:58:43.465543
395,Ж,2009-06-10 03:32:55,Город Москва,2023-09-23 02:35:50.465546
396,М,2007-11-29 19:45:22,Город Москва,2023-10-09 18:57:18.465548
397,М,2008-10-23 09:07:47,Город Санкт-Петербург,2023-09-29 18:20:49.465550
398,М,2007-08-23 23:17:43,Город Москва,2023-10-17 18:05:42.465553
399,М,2009-07-03 10:31:20,Город Санкт-Петербург,2023-10-12 07:45:01.465555
400,Ж,2007-07-10 05:56:23,Город Москва,2023-10-02 23:45:50.465558
401,М,2010-09-30 22:02:28,Город Москва,2023-10-17 20:36:54.465561
402,Ж,2006-12-11 18:24:16,Краснодарский край,2023-09-22 01:10:17.465563
403,Ж,2008-11-05 06:42:57,Город Москва,2023-10-15 11:43:31.465566
404,Ж,2007-01-17 00:23:49,Город Москва,2023-09-30 08:48:37.465568
405,Ж,2008-11-24 13:56:42,Город Санкт-Петербург,2023-09-20 21:23:18.465571
406,Ж,2009-05-07 06:18:25,Город Санкт-Петербург,2023-10-15 14:32:20.465573
407,М,2010-05-10 20:00:27,Город Москва,2023-10-08 21:30:20.465575
408,Ж,2007-06-03 05:43:28,Новосибирская область,2023-10-03 18:14:27.465578
409,Ж,2007-10-10 03:35:48,Краснодарский край,2023-10-16 06:56:31.465580
410,Ж,2010-02-03 08:17:44,Город Москва,2023-10-14 19:09:22.465583
411,М,2008-01-24 11:45:03,Нижегородская область,2023-10-15 19:47:44.465585
412,М,2007-09-09 08:37:07,Новосибирская область,2023-10-14 11:57:44.465587
413,Ж,2010-07-30 00:50:25,Город Москва,2023-10-07 07:42:44.465590
414,М,2010-07-01 14:25:50,Нижегородская область,2023-09-19 02:31:05.465592
415,Ж,2010-06-01 21:15:00,Город Москва,2023-10-04 12:08:01.465594
416,Ж,2010-07-17 10:21:26,Краснодарский край,2023-10-15 06:34:52.465597
417,Ж,2010-05-01 13:00:08,Город Москва,2023-10-09 05:33:08.465599
418,М,2010-07-19 23:36:50,Краснодарский край,2023-10-12 15:41:34.465601
419,Ж,2007-04-24 05:24:22,Город Санкт-Петербург,2023-10-17 21:46:13.465604
420,М,2007-07-30 23:58:48,Нижегородская область,2023-09-20 17:46:29.465606
421,Ж,2006-12-14 22:32:27,Нижегородская область,2023-09-19 04:43:39.465609
422,Ж,2009-09-10 12:30:45,Город Москва,2023-10-06 02:40:47.465611
423,Ж,2010-08-15 08:49:30,Город Москва,2023-10-10 22:43:40.465613
424,М,2010-05-27 23:00:06,Город Москва,2023-10-04 01:58:15.465616
425,Ж,2007-08-30 15:11:24,Город Санкт-Петербург,2023-10-07 13:56:05.465618
426,Ж,2009-08-29 10:14:44,Город Москва,2023-09-29 20:03:00.465620
427,Ж,2008-04-06 13:44:02,Город Москва,2023-10-09 09:07:16.465622
428,Ж,2007-10-09 03:36:31,Город Москва,2023-09-20 13:46:10.465625
429,Ж,2009-12-01 05:57:33,Краснодарский край,2023-09-24 16:21:58.465627
430,Ж,2007-07-07 23:01:24,Город Москва,2023-09-27 04:00:05.465630
431,Ж,2006-11-29 05:35:34,Город Москва,2023-09-20 05:34:56.465632
432,М,2010-05-29 06:48:21,Город Москва,2023-10-01 06:33:20.465634
433,Ж,2008-01-24 08:23:19,Новосибирская область,2023-10-10 14:23:23.465637
434,М,2007-09-10 20:46:44,Новосибирская область,2023-10-09 14:44:58.465639
435,М,2007-09-02 11:39:26,Город Москва,2023-09-22 12:34:04.465642
436,Ж,2009-10-11 02:25:26,Новосибирская область,2023-10-04 05:09:38.465645
437,М,2009-04-11 08:08:58,Город Санкт-Петербург,2023-09-26 05:37:13.465647
438,Ж,2008-06-23 20:34:47,Город Москва,2023-10-04 05:26:22.465650
439,М,2009-07-22 17:44:18,Город Санкт-Петербург,2023-10-01 11:15:34.465652
440,Ж,2008-08-10 21:38:29,Город Санкт-Петербург,2023-10-02 20:19:46.465655
441,Ж,2010-08-20 11:44:43,Нижегородская область,2023-10-10 07:46:23.465657
442,Ж,2010-02-16 15:25:16,Город Москва,2023-10-13 09:12:32.465660
443,М,2007-02-16 22:38:00,Краснодарский край,2023-09-24 12:06:06.465662
444,М,2010-09-06 06:19:53,Город Москва,2023-09-26 17:40:25.465664
445,М,2009-05-05 06:47:34,Новосибирская область,2023-10-01 13:32:29.465667
446,Ж,2008-06-11 18:50:48,Краснодарский край,2023-10-13 16:14:42.465669
447,М,2008-01-18 07:36:49,Город Москва,2023-09-23 23:03:00.465671
448,Ж,2007-03-01 11:21:37,Город Санкт-Петербург,2023-10-13 18:57:03.465674
449,Ж,2009-06-27 04:43:43,Новосибирская область,2023-09-23 17:04:47.465676
450,Ж,2009-10-15 23:28:10,Город Санкт-Петербург,2023-09-19 08:47:35.465679
451,М,2009-05-27 19:00:15,Город Москва,2023-10-16 22:35:47.465681
452,М,2008-06-06 07:16:05,Город Санкт-Петербург,2023-10-10 16:31:56.465684
453,Ж,2010-10-04 07:01:13,Город Москва,2023-10-01 13:18:07.465686
454,Ж,2008-10-17 13:28:58,Город Санкт-Петербург,2023-10-08 10:56:51.465688
455,Ж,2006-11-06 03:50:38,Город Москва,2023-09-30 13:00:46.465691
456,Ж,2007-02-24 19:15:41,Новосибирская область,2023-10-03 02:03:30.465693
457,М,2007-06-30 04:24:36,Новосибирская область,2023-09-29 13:25:09.465696
458,М,2009-09-30 20:48:59,Нижегородская область,2023-09-27 13:40:28.465699
459,Ж,2009-11-08 06:52:35,Нижегородская область,2023-10-08 01:22:52.465701
460,М,2006-12-12 01:29:36,Город Москва,2023-09-25 02:52:17.465703
461,Ж,2009-04-07 12:26:11,Краснодарский край,2023-10-13 19:26:05.465706
462,Ж,2007-08-19 23:31:37,Город Москва,2023-09-25 01:11:06.465708
463,Ж,2009-11-29 13:39:54,Город Санкт-Петербург,2023-10-16 19:46:18.465710
464,М,2010-03-29 23:08:40,Город Санкт-Петербург,2023-10-17 18:45:40.465713
465,М,2009-03-26 08:36:23,Город Санкт-Петербург,2023-09-28 14:48:43.465715
466,М,2010-01-19 15:01:18,Город Санкт-Петербург,2023-09-22 18:16:22.465717
467,Ж,2008-07-09 17:49:52,Город Санкт-Петербург,2023-09-25 13:28:23.465720
468,Ж,2008-01-22 14:42:54,Новосибирская область,2023-10-12 08:26:20.465722
469,Ж,2007-12-10 17:55:36,Нижегородская область,2023-10-02 10:08:59.465725
470,Ж,2010-03-11 20:16:09,Город Москва,2023-09-26 15:53:57.465727
471,М,2008-06-10 22:37:56,Город Санкт-Петербург,2023-10-04 21:21:05.465729
472,Ж,2010-01-20 02:34:41,Краснодарский край,2023-09-24 01:14:46.465732
473,М,2007-01-26 17:19:18,Новосибирская область,2023-09-22 07:09:29.465734
474,М,2007-04-10 17:19:09,Новосибирская область,2023-10-05 16:20:43.465736
475,Ж,2010-07-20 22:05:24,Краснодарский край,2023-09-22 02:40:39.465739
476,М,2010-08-24 13:02:57,Город Москва,2023-10-15 19:35:50.465741
477,М,2006-12-07 21:08:07,Город Москва,2023-09-30 18:21:05.465743
478,М,2008-08-04 01:21:38,Город Москва,2023-10-12 03:58:32.465746
479,М,2008-05-14 16:34:09,Новосибирская область,2023-09-27 07:22:00.465748
480,Ж,2007-12-20 17:16:24,Город Москва,2023-09-27 15:07:57.465750
481,Ж,2007-09-11 07:43:08,Краснодарский край,2023-09-30 05:10:18.465753
482,Ж,2009-10-08 09:47:27,Нижегородская область,2023-09-21 03:53:25.465755
483,Ж,2006-10-25 18:04:19,Город Москва,2023-09-19 04:25:08.465758
484,М,2010-01-30 02:06:11,Новосибирская область,2023-10-05 15:58:21.465760
485,Ж,2008-09-09 04:40:06,Город Москва,2023-09-27 07:38:11.465763
486,Ж,2009-11-05 13:10:47,Город Москва,2023-10-13 10:43:19.465765
487,Ж,2010-05-09 15:56:01,Краснодарский край,2023-09-21 18:50:01.465768
488,Ж,2009-11-09 04:09:17,Город Москва,2023-10-04 20:13:58.465770
489,Ж,2010-10-16 11:21:09,Город Санкт-Петербург,2023-10-02 14:10:38.465772
490,М,2008-08-25 21:36:59,Краснодарский край,2023-10-10 00:05:52.465775
491,Ж,2010-01-30 16:20:32,Город Москва,2023-10-06 10:30:51.465777
492,М,2010-06-02 01:30:11,Краснодарский край,2023-10-15 15:17:28.465779
493,Ж,2007-08-17 19:46:50,Город Санкт-Петербург,2023-10-12 04:02:45.465782
494,М,2006-11-09 04:43:29,Город Москва,2023-09-18 00:18:03.465784
495,М,2010-08-02 08:53:28,Город Москва,2023-09-24 15:14:29.465786
496,Ж,2007-12-17 05:29:07,Город Москва,2023-09-28 02:48:17.465789
497,М,2010-08-12 14:45:59,Краснодарский край,2023-09-29 17:38:24.465791
498,М,2008-07-24 18:12:15,Нижегородская область,2023-09-27 18:25:58.465793
499,Ж,2007-05-09 10:50:33,Город Москва,2023-10-16 07:03:40.465796
500,Ж,2008-12-09 09:56:49,Нижегородская область,2023-10-16 04:58:35.465798
501,Ж,2008-02-29 11:25:10,Новосибирская область,2023-10-06 16:14:41.465800
502,Ж,2006-12-11 12:51:17,Город Санкт-Петербург,2023-10-14 07:03:00.465803
503,Ж,2009-10-15 12:02:48,Новосибирская область,2023-09-24 08:28:44.465805
504,Ж,2006-12-27 09:27:02,Город Москва,2023-09-25 05:03:06.465807
505,М,2008-11-30 13:22:04,Город Москва,2023-09-21 22:55:20.465810
506,М,2010-03-24 09:48:50,Город Санкт-Петербург,2023-10-06 08:24:24.465812
507,М,2008-12-20 23:57:48,Город Москва,2023-10-10 17:42:42.465814
508,Ж,2009-04-12 11:19:33,Город Санкт-Петербург,2023-10-08 14:45:18.465817
509,М,2008-02-18 08:22:50,Новосибирская область,2023-10-01 14:28:18.465819
510,М,2007-01-24 04:33:46,Краснодарский край,2023-09-25 03:51:48.465822
511,Ж,2007-10-23 07:14:56,Краснодарский край,2023-09-30 01:06:07.465824
512,Ж,2008-03-08 15:21:06,Город Санкт-Петербург,2023-09-28 15:31:59.465827
513,Ж,2010-10-20 07:57:36,Город Санкт-Петербург,2023-09-25 10:25:36.465829
514,Ж,2006-12-02 15:00:27,Город Москва,2023-09-22 14:37:15.465831
515,М,2010-02-09 09:54:44,Краснодарский край,2023-10-17 06:55:36.465834
516,Ж,2008-03-25 20:29:34,Город Москва,2023-09-19 16:39:57.465836
517,Ж,2010-07-12 01:32:50,Новосибирская область,2023-10-05 21:56:10.465838
518,Ж,2007-07-17 03:43:54,Город Санкт-Петербург,2023-10-05 17:49:38.465841
519,М,2006-12-14 22:15:31,Город Москва,2023-10-09 05:30:10.465843
520,Ж,2008-12-12 23:06:06,Краснодарский край,2023-10-07 04:03:20.465846
521,Ж,2007-12-14 08:22:29,Город Санкт-Петербург,2023-10-01 05:37:37.465848
522,М,2009-07-30 02:12:15,Город Москва,2023-10-05 04:53:26.465851
523,М,2007-04-22 14:05:44,Город Москва,2023-09-20 01:00:13.465853
524,Ж,2009-03-25 06:20:41,Новосибирская область,2023-09-18 05:20:23.465856
525,Ж,2008-02-29 11:07:13,Город Москва,2023-09-25 00:06:03.465858
526,М,2007-05-17 00:28:51,Город Москва,2023-10-13 16:49:48.465860
527,Ж,2009-12-11 10:05:57,Краснодарский край,2023-10-17 21:32:29.465863
528,М,2008-05-25 07:28:22,Город Москва,2023-10-17 04:17:12.465865
529,М,2010-10-18 04:10:14,Город Москва,2023-09-25 16:26:06.465868
530,М,2007-08-18 05:08:06,Город Москва,2023-10-03 03:06:32.465870
531,Ж,2008-07-23 09:01:21,Город Санкт-Петербург,2023-10-14 08:19:16.465872
532,М,2008-11-22 17:00:49,Краснодарский край,2023-10-02 23:04:04.465875
533,М,2007-05-08 11:02:34,Краснодарский край,2023-09-21 07:13:29.465877
534,Ж,2009-11-03 07:47:20,Новосибирская область,2023-09-30 14:58:42.465879
535,Ж,2009-01-05 03:19:51,Город Москва,2023-09-28 01:08:51.465882
536,Ж,2010-04-17 12:06:01,Город Москва,2023-09-26 01:19:36.465884
537,Ж,2007-02-14 18:29:57,Нижегородская область,2023-09-25 16:13:22.465887
538,Ж,2006-12-06 13:10:06,Город Москва,2023-09-21 11:07:56.465889
539,Ж,2009-11-11 10:24:47,Город Москва,2023-10-08 18:12:22.465892
540,Ж,2010-02-28 22:02:54,Город Москва,2023-10-12 09:20:47.465894
541,М,2009-10-25 15:34:58,Город Москва,2023-09-28 00:15:54.465897
542,М,2008-09-26 02:11:11,Новосибирская область,2023-09-26 12:25:05.465899
543,Ж,2008-12-31 23:35:07,Краснодарский край,2023-10-04 20:03:28.465901
544,Ж,2009-03-11 11:18:10,Новосибирская область,2023-10-12 20:22:41.465904
545,Ж,2009-11-28 09:22:20,Новосибирская область,2023-10-16 20:53:08.465906
546,М,2008-10-18 07:31:18,Город Москва,2023-10-07 19:14:04.465908
547,Ж,2010-10-19 12:47:00,Город Москва,2023-10-15 23:45:28.465911
548,М,2007-01-19 01:46:04,Город Москва,2023-10-04 01:34:59.465913
549,Ж,2007-11-02 09:06:53,Город Москва,2023-10-05 16:03:00.465915
550,Ж,2009-03-01 09:34:46,Нижегородская область,2023-09-22 22:56:08.465918
551,Ж,2008-04-21 13:25:20,Новосибирская область,2023-10-16 03:11:11.465921
552,М,2006-12-21 12:51:39,Город Москва,2023-09-19 13:11:32.465923
553,Ж,2010-09-04 04:25:20,Город Москва,2023-09-23 21:49:33.465925
554,Ж,2010-07-07 12:24:05,Город Москва,2023-10-15 10:24:48.465928
555,Ж,2006-12-02 23:51:45,Краснодарский край,2023-09-21 00:49:34.465930
556,Ж,2007-05-21 19:26:26,Город Москва,2023-10-07 17:55:20.465933
557,Ж,2007-06-25 12:16:54,Город Москва,2023-09-22 15:11:13.465935
558,Ж,2009-07-17 17:34:27,Город Москва,2023-10-14 15:26:05.465938
559,Ж,2009-12-19 06:44:53,Новосибирская область,2023-09-19 11:50:19.465940
560,Ж,2007-08-15 23:46:24,Краснодарский край,2023-10-10 06:55:50.465942
561,М,2008-01-22 08:38:49,Город Санкт-Петербург,2023-09-18 22:10:35.465945
562,Ж,2008-11-24 11:45:47,Нижегородская область,2023-09-29 17:19:42.465947
563,М,2009-09-01 14:47:15,Город Москва,2023-10-01 23:34:57.465949
564,Ж,2008-11-15 08:32:31,Краснодарский край,2023-10-08 23:59:58.465952
565,Ж,2009-04-05 13:57:31,Нижегородская область,2023-09-28 21:45:59.465954
566,М,2010-04-24 00:54:45,Город Москва,2023-10-16 18:54:59.465956
567,М,2007-02-14 12:03:53,Город Москва,2023-09-20 10:21:16.465959
568,М,2010-01-17 22:13:20,Город Москва,2023-10-02 02:37:28.465961
569,Ж,2007-01-17 09:22:18,Новосибирская область,2023-09-19 08:14:31.465964
570,Ж,2010-01-24 10:28:31,Город Москва,2023-09-24 02:50:59.465966
571,Ж,2009-03-06 10:28:38,Краснодарский край,2023-10-13 07:54:42.465968
572,М,2007-03-13 00:01:41,Город Москва,2023-09-24 11:36:33.465971
573,М,2007-06-19 21:35:44,Новосибирская область,2023-10-10 21:48:53.465973
574,Ж,2007-05-17 16:40:56,Город Москва,2023-10-04 20:49:06.465976
575,М,2008-07-29 00:36:05,Город Москва,2023-10-11 22:19:43.465978
576,Ж,2006-10-29 00:42:10,Город Санкт-Петербург,2023-10-11 22:55:30.465980
577,Ж,2008-02-20 14:06:24,Город Санкт-Петербург,2023-10-17 04:49:54.465983
578,Ж,2007-04-08 23:37:24,Город Москва,2023-10-03 10:33:51.465985
579,Ж,2007-07-28 12:12:28,Город Санкт-Петербург,2023-10-13 05:02:49.465987
580,Ж,2008-04-11 23:28:50,Город Москва,2023-10-14 21:52:18.465990
581,М,2008-01-27 19:53:48,Город Санкт-Петербург,2023-09-19 15:50:47.465992
582,Ж,2008-10-04 20:02:06,Нижегородская область,2023-09-23 22:36:59.465995
583,Ж,2010-05-04 20:32:37,Краснодарский край,2023-09-26 22:49:46.465997
584,М,2008-04-12 06:33:22,Нижегородская область,2023-09-19 06:23:41.465999
585,Ж,2007-01-05 19:10:46,Город Москва,2023-10-03 09:02:16.466002
586,Ж,2009-03-08 04:01:30,Город Москва,2023-10-14 12:12:59.466004
587,М,2007-10-21 22:27:49,Нижегородская область,2023-09-25 11:51:36.466006
588,М,2008-07-16 01:15:43,Город Москва,2023-10-17 19:32:50.466009
589,М,2007-12-14 21:17:13,Город Москва,2023-09-28 08:59:55.466012
590,Ж,2007-05-03 07:28:40,Новосибирская область,2023-10-11 06:34:42.466014
591,Ж,2010-10-05 04:55:49,Город Москва,2023-09-21 15:11:52.466017
592,Ж,2007-04-07 11:43:12,Город Москва,2023-09-25 18:49:31.466019
593,Ж,2007-10-28 00:22:03,Нижегородская область,2023-09-18 13:30:58.466021
594,М,2007-05-07 13:48:51,Город Москва,2023-10-08 20:38:56.466024
595,М,2009-01-08 01:34:12,Нижегородская область,2023-09-21 02:34:42.466027
596,М,2008-02-21 10:02:42,Город Москва,2023-10-16 23:34:29.466029
597,Ж,2006-11-02 04:39:03,Краснодарский край,2023-10-17 05:12:49.466031
598,М,2007-06-03 00:25:48,Город Москва,2023-10-10 06:12:47.466034
599,Ж,2007-10-31 03:44:02,Новосибирская область,2023-10-15 10:45:30.466037
600,Ж,2007-02-06 17:28:56,Город Санкт-Петербург,2023-09-22 09:44:31.466039
601,М,2007-02-10 09:21:40,Город Санкт-Петербург,2023-10-02 14:03:49.466041
602,Ж,2007-11-20 10:16:18,Город Москва,2023-09-29 06:24:13.466044
603,М,2008-04-17 16:03:53,Город Санкт-Петербург,2023-09-22 06:11:41.466046
604,М,2008-12-25 19:03:37,Город Санкт-Петербург,2023-09-18 06:57:50.466049
605,М,2007-10-25 05:24:04,Город Москва,2023-10-13 19:51:43.466051
606,М,2008-01-15 04:48:03,Город Санкт-Петербург,2023-10-06 23:45:46.466054
607,М,2009-07-01 16:42:26,Город Москва,2023-09-18 08:10:15.466056
608,М,2009-05-15 11:55:37,Город Москва,2023-10-05 02:08:48.466059
609,Ж,2008-02-20 08:03:44,Город Москва,2023-10-09 10:50:31.466061
610,Ж,2008-09-09 19:33:28,Город Москва,2023-09-20 12:36:00.466063
611,М,2007-01-16 01:53:10,Город Москва,2023-09-21 00:40:51.466065
612,М,2007-04-30 12:51:34,Город Москва,2023-10-12 08:38:03.466068
613,Ж,2010-04-28 22:12:29,Новосибирская область,2023-10-04 04:02:16.466071
614,М,2009-01-10 15:24:54,Город Санкт-Петербург,2023-10-10 13:39:24.466073
615,Ж,2007-12-25 20:06:10,Город Санкт-Петербург,2023-09-24 22:33:53.466076
616,М,2010-09-29 15:07:18,Нижегородская область,2023-09-20 08:44:40.466078
617,Ж,2008-07-25 08:20:12,Краснодарский край,2023-10-06 09:48:18.466080
618,Ж,2006-12-02 11:57:10,Город Москва,2023-10-09 09:18:27.466083
619,Ж,2008-09-17 14:28:48,Город Москва,2023-10-03 04:40:39.466085
620,Ж,2010-08-14 18:41:46,Город Санкт-Петербург,2023-09-21 10:16:18.466087
621,М,2007-11-18 06:21:45,Город Санкт-Петербург,2023-09-28 17:12:23.466090
622,М,2009-07-10 07:26:14,Город Санкт-Петербург,2023-10-13 05:07:18.466092
623,Ж,2009-02-11 14:12:05,Город Санкт-Петербург,2023-10-06 23:57:16.466095
624,Ж,2008-07-24 23:51:05,Город Санкт-Петербург,2023-09-28 15:00:25.466097
625,Ж,2007-09-25 13:01:29,Нижегородская область,2023-09-28 18:34:26.466099
626,М,2010-03-13 04:39:10,Город Санкт-Петербург,2023-10-13 18:34:36.466102
627,М,2008-03-23 23:13:58,Город Москва,2023-10-11 02:54:13.466104
628,М,2008-06-17 03:04:39,Краснодарский край,2023-10-01 03:22:48.466107
629,М,2007-07-22 00:18:10,Город Санкт-Петербург,2023-09-22 03:56:37.466109
630,М,2009-05-26 09:17:27,Город Москва,2023-10-08 00:58:55.466112
631,М,2010-10-14 09:30:25,Нижегородская область,2023-09-30 07:57:48.466114
632,М,2009-01-11 00:04:49,Новосибирская область,2023-10-15 03:50:15.466116
633,Ж,2007-06-23 07:19:32,Город Москва,2023-10-15 11:18:10.466119
634,Ж,2008-09-24 10:46:52,Город Санкт-Петербург,2023-09-24 10:14:22.466121
635,М,2008-04-29 06:08:54,Город Москва,2023-10-14 10:08:28.466124
636,М,2009-12-05 23:09:02,Краснодарский край,2023-09-19 14:45:39.466127
637,Ж,2007-05-14 07:49:52,Город Москва,2023-09-28 17:21:54.466129
638,Ж,2008-08-24 05:52:08,Город Москва,2023-09-21 02:05:45.466131
639,Ж,2006-12-12 23:02:06,Новосибирская область,2023-09-22 01:56:40.466134
640,Ж,2009-05-11 14:17:57,Город Москва,2023-10-14 04:47:29.466136
641,Ж,2010-05-18 07:52:05,Город Москва,2023-09-18 10:35:21.466139
642,М,2008-07-31 18:23:36,Нижегородская область,2023-09-30 11:03:49.466141
643,Ж,2009-02-03 11:10:19,Город Санкт-Петербург,2023-09-25 00:28:56.466143
644,М,2010-03-14 16:56:45,Нижегородская область,2023-10-01 19:35:29.466146
645,Ж,2009-06-19 09:04:35,Город Москва,2023-10-01 17:23:14.466148
646,Ж,2009-05-05 07:34:04,Новосибирская область,2023-10-06 01:31:24.466150
647,Ж,2008-12-29 05:09:16,Краснодарский край,2023-09-18 13:16:45.466153
648,Ж,2008-10-15 09:39:18,Город Москва,2023-09-21 05:46:23.466155
649,Ж,2008-01-07 19:40:26,Город Санкт-Петербург,2023-10-06 01:52:49.466158
650,Ж,2009-06-06 10:08:46,Город Москва,2023-09-22 18:05:28.466160
651,Ж,2009-12-18 07:02:39,Новосибирская область,2023-09-19 01:03:09.466163
652,М,2007-12-04 04:32:59,Город Санкт-Петербург,2023-10-16 12:29:12.466165
653,Ж,2010-07-28 19:41:53,Город Санкт-Петербург,2023-09-19 21:19:37.466167
654,Ж,2010-09-16 23:50:07,Город Москва,2023-09-26 16:48:19.466170
655,Ж,2009-08-10 01:50:28,Новосибирская область,2023-09-30 14:24:51.466172
656,Ж,2010-08-03 20:11:21,Город Санкт-Петербург,2023-09-25 08:15:57.466174
657,Ж,2007-01-09 00:26:08,Город Санкт-Петербург,2023-09-18 04:06:27.466177
658,Ж,2007-02-18 11:37:03,Город Москва,2023-10-13 09:59:33.466179
659,Ж,2009-02-16 20:34:12,Краснодарский край,2023-10-10 09:48:46.466182
660,Ж,2007-09-08 20:30:12,Город Москва,2023-10-03 10:53:22.466184
661,Ж,2007-02-03 02:00:32,Город Санкт-Петербург,2023-09-29 18:18:54.466186
662,Ж,2007-02-18 02:44:08,Город Москва,2023-10-09 03:34:49.466189
663,Ж,2007-11-21 07:40:46,Краснодарский край,2023-10-12 12:39:05.466191
664,Ж,2010-05-15 08:28:30,Город Санкт-Петербург,2023-09-28 00:08:18.466194
665,М,2007-03-15 00:35:05,Город Москва,2023-09-21 01:06:57.466196
666,Ж,2010-07-02 10:35:34,Город Санкт-Петербург,2023-10-10 01:03:32.466199
667,М,2009-05-23 19:35:46,Нижегородская область,2023-09-26 02:38:45.466201
668,Ж,2007-10-14 13:09:16,Город Москва,2023-10-09 08:57:54.466203
669,М,2007-05-30 14:52:15,Краснодарский край,2023-10-02 09:58:43.466206
670,М,2010-05-07 13:08:16,Краснодарский край,2023-10-14 19:51:19.466208
671,Ж,2008-07-20 03:43:31,Город Москва,2023-09-20 16:54:02.466210
672,Ж,2008-04-12 01:19:46,Город Москва,2023-09-19 14:59:13.466213
673,М,2008-11-13 04:46:45,Краснодарский край,2023-10-02 23:53:09.466215
674,М,2007-10-20 14:53:07,Новосибирская область,2023-09-30 13:47:37.466218
675,М,2008-04-25 14:31:05,Город Москва,2023-10-03 14:08:39.466220
676,М,2008-09-11 12:37:12,Город Москва,2023-09-18 16:26:50.466223
677,М,2007-02-28 21:10:49,Город Москва,2023-09-28 04:52:43.466225
678,Ж,2009-10-03 09:49:36,Город Москва,2023-10-01 02:14:46.466228
679,Ж,2007-03-13 19:02:28,Город Санкт-Петербург,2023-10-11 02:07:53.466230
680,М,2010-07-24 04:05:38,Город Москва,2023-10-06 13:33:42.466233
681,Ж,2010-03-14 02:17:35,Нижегородская область,2023-09-30 03:30:50.466235
682,Ж,2008-04-08 06:17:35,Город Москва,2023-10-12 12:00:36.466237
683,Ж,2009-04-27 09:14:43,Нижегородская область,2023-10-09 09:20:48.466240
684,М,2008-03-31 09:50:07,Город Москва,2023-10-17 00:41:03.466242
685,Ж,2007-12-21 17:36:15,Город Москва,2023-10-01 18:06:12.466245
686,М,2008-02-16 21:44:33,Краснодарский край,2023-10-12 08:45:42.466247
687,М,2007-04-25 03:30:58,Город Москва,2023-09-21 00:30:49.466249
688,Ж,2007-05-25 13:46:48,Краснодарский край,2023-09-24 14:07:11.466252
689,М,2006-11-24 16:03:27,Город Москва,2023-10-12 13:26:50.466254
690,Ж,2009-12-03 17:48:41,Новосибирская область,2023-10-08 04:53:05.466257
691,М,2007-09-28 04:52:08,Город Санкт-Петербург,2023-10-08 03:44:39.466259
692,Ж,2006-10-26 03:57:02,Город Москва,2023-10-12 16:06:05.466261
693,М,2010-06-07 21:51:14,Краснодарский край,2023-10-13 21:56:41.466263
694,Ж,2010-05-06 16:54:34,Новосибирская область,2023-10-03 12:03:15.466266
695,Ж,2010-04-10 16:23:45,Город Санкт-Петербург,2023-10-16 01:30:07.466268
696,М,2007-08-26 00:55:10,Город Москва,2023-09-30 12:44:17.466271
697,Ж,2010-01-10 10:08:54,Краснодарский край,2023-10-03 05:27:33.466273
698,Ж,2009-02-24 23:21:59,Новосибирская область,2023-09-26 00:37:49.466275
699,М,2008-12-06 18:25:57,Краснодарский край,2023-10-11 07:49:09.466278
700,Ж,2008-10-28 19:46:50,Город Москва,2023-09-28 02:59:28.466280
701,М,2009-02-12 06:11:57,Город Москва,2023-10-16 10:32:47.466283
702,М,2008-01-12 22:52:33,Город Москва,2023-10-05 04:30:32.466285
703,М,2007-07-29 00:22:05,Город Москва,2023-09-29 02:19:09.466287
704,Ж,2007-09-18 01:38:06,Город Москва,2023-09-24 11:00:06.466290
705,М,2010-09-11 07:59:25,Новосибирская область,2023-10-14 03:49:00.466292
706,М,2010-08-17 14:52:44,Город Санкт-Петербург,2023-09-26 02:03:16.466295
707,М,2007-04-24 04:32:47,Город Москва,2023-10-05 20:26:46.466297
708,М,2006-11-06 06:08:39,Нижегородская область,2023-10-17 04:52:21.466300
709,М,2008-12-24 01:54:51,Город Москва,2023-09-29 12:33:38.466302
710,Ж,2009-08-03 05:38:24,Новосибирская область,2023-10-01 05:32:23.466305
711,Ж,2007-04-05 12:14:56,Город Санкт-Петербург,2023-09-22 12:26:16.466307
712,М,2010-02-28 04:38:58,Город Москва,2023-09-26 12:50:25.466309
713,Ж,2010-02-11 10:22:13,Новосибирская область,2023-10-07 18:20:05.466312
714,Ж,2008-07-02 05:32:39,Город Москва,2023-10-01 09:42:27.466315
715,М,2010-05-12 02:27:10,Нижегородская область,2023-09-29 08:09:34.466317
716,М,2007-08-21 12:37:12,Город Москва,2023-10-15 08:57:15.466320
717,М,2008-03-21 10:58:59,Краснодарский край,2023-09-27 06:48:32.466323
718,Ж,2007-04-20 03:41:50,Город Москва,2023-09-23 18:46:16.466325
719,М,2009-01-21 06:50:01,Краснодарский край,2023-10-08 14:13:04.466328
720,Ж,2007-04-07 15:54:54,Город Москва,2023-09-27 17:28:02.466330
721,М,2010-03-09 22:15:25,Город Москва,2023-09-23 08:34:03.466332
722,М,2007-03-06 19:19:47,Новосибирская область,2023-09-29 08:09:52.466335
723,Ж,2009-09-24 10:08:25,Краснодарский край,2023-10-11 02:04:52.466337
724,М,2007-03-21 14:30:39,Город Санкт-Петербург,2023-10-07 16:12:46.466340
725,Ж,2008-03-05 19:06:49,Город Москва,2023-10-10 04:33:26.466342
726,М,2007-03-02 17:35:03,Новосибирская область,2023-10-14 08:03:55.466344
727,М,2009-03-07 16:45:32,Город Санкт-Петербург,2023-09-28 21:04:18.466347
728,М,2008-07-23 03:14:00,Город Санкт-Петербург,2023-09-26 22:11:55.466350
729,Ж,2007-07-05 03:42:26,Новосибирская область,2023-09-30 08:57:47.466352
730,М,2008-05-07 20:34:30,Новосибирская область,2023-09-21 06:24:53.466354
731,Ж,2008-03-11 00:21:12,Город Санкт-Петербург,2023-09-29 17:07:13.466357
732,М,2007-10-25 21:32:26,Город Москва,2023-10-10 10:09:05.466359
733,М,2007-02-20 10:12:25,Город Санкт-Петербург,2023-09-18 07:45:10.466362
734,М,2009-03-02 16:20:01,Город Москва,2023-10-14 02:14:50.466364
735,Ж,2007-12-09 02:01:31,Новосибирская область,2023-10-15 03:54:04.466366
736,М,2009-12-30 04:10:09,Город Санкт-Петербург,2023-10-02 17:53:53.466369
737,М,2009-08-23 09:59:48,Город Москва,2023-09-21 01:41:34.466371
738,М,2008-01-02 21:32:32,Новосибирская область,2023-10-09 23:10:42.466374
739,М,2008-02-10 03:58:08,Город Москва,2023-09-22 08:43:42.466376
740,Ж,2008-04-06 03:23:16,Краснодарский край,2023-10-02 09:23:37.466379
741,Ж,2007-10-12 01:19:57,Новосибирская область,2023-10-05 04:17:34.466381
742,Ж,2008-07-10 00:44:11,Краснодарский край,2023-09-23 03:22:15.466383
743,Ж,2010-09-26 11:22:25,Город Москва,2023-09-26 11:01:08.466386
744,Ж,2008-11-10 10:46:31,Нижегородская область,2023-10-10 06:18:19.466388
745,Ж,2008-08-24 22:24:29,Город Санкт-Петербург,2023-10-15 00:23:59.466391
746,Ж,2007-11-30 07:47:31,Краснодарский край,2023-09-28 20:34:00.466393
747,Ж,2006-11-06 10:08:37,Новосибирская область,2023-09-25 09:40:41.466395
748,М,2010-05-14 09:26:22,Город Санкт-Петербург,2023-09-20 23:42:22.466398
749,Ж,2006-12-13 05:57:27,Город Москва,2023-10-09 01:09:05.466400
750,М,2006-12-18 21:45:13,Город Санкт-Петербург,2023-10-07 21:38:25.466403
751,Ж,2009-10-28 19:31:37,Город Москва,2023-09-19 23:57:23.466405
752,Ж,2007-02-14 08:52:43,Город Москва,2023-10-14 20:06:38.466408
753,Ж,2009-02-04 23:36:43,Город Москва,2023-09-23 01:38:07.466410
754,Ж,2008-11-14 01:00:13,Город Санкт-Петербург,2023-10-08 15:26:43.466412
755,М,2007-03-11 18:31:43,Город Москва,2023-09-23 10:41:18.466414
756,Ж,2007-06-11 17:21:15,Город Санкт-Петербург,2023-09-28 00:26:55.466417
757,Ж,2010-04-08 19:33:56,Город Москва,2023-10-13 00:30:57.466419
758,Ж,2009-03-08 06:26:07,Город Санкт-Петербург,2023-10-03 19:30:15.466421
759,Ж,2008-09-24 19:30:45,Город Москва,2023-10-14 03:16:05.466424
760,М,2010-02-05 14:51:37,Краснодарский край,2023-10-13 05:51:46.466426
761,Ж,2008-03-15 13:40:25,Город Санкт-Петербург,2023-10-02 00:01:07.466428
762,М,2009-06-16 12:04:38,Город Санкт-Петербург,2023-10-16 08:58:00.466431
763,Ж,2007-03-27 13:45:14,Город Москва,2023-10-15 18:44:57.466433
764,Ж,2008-06-03 04:43:24,Город Москва,2023-09-30 19:12:53.466436
765,Ж,2007-02-03 22:21:29,Город Москва,2023-09-23 00:26:14.466438
766,М,2008-09-03 15:59:46,Краснодарский край,2023-10-11 20:59:17.466440
767,Ж,2010-06-23 22:03:49,Город Москва,2023-10-10 17:55:56.466443
768,Ж,2007-05-19 13:03:28,Краснодарский край,2023-10-14 09:32:31.466445
769,Ж,2008-06-29 14:51:13,Город Москва,2023-09-30 05:01:01.466447
770,Ж,2009-02-25 20:22:02,Город Санкт-Петербург,2023-10-01 21:27:48.466450
771,М,2009-02-13 18:31:08,Город Москва,2023-09-25 03:15:06.466452
772,Ж,2007-01-31 20:12:02,Город Москва,2023-10-11 06:22:38.466454
773,Ж,2007-08-25 09:53:28,Город Санкт-Петербург,2023-10-02 07:18:44.466457
774,М,2006-10-27 14:01:10,Город Москва,2023-10-05 02:30:47.466459
775,Ж,2008-09-19 00:37:53,Краснодарский край,2023-10-08 04:08:49.466461
776,М,2007-05-15 13:11:44,Город Санкт-Петербург,2023-10-09 07:32:05.466464
777,Ж,2009-07-07 06:21:04,Город Санкт-Петербург,2023-09-27 00:34:48.466466
778,Ж,2010-03-30 07:16:29,Новосибирская область,2023-10-17 06:43:19.466469
779,М,2008-03-18 19:23:24,Новосибирская область,2023-09-30 02:07:57.466471
780,Ж,2008-12-30 05:13:58,Город Санкт-Петербург,2023-09-27 09:09:38.466473
781,Ж,2010-06-28 10:58:08,Город Москва,2023-09-24 15:17:14.466476
782,Ж,2008-03-10 09:14:56,Город Москва,2023-10-17 07:07:07.466478
783,Ж,2007-02-15 00:06:03,Город Москва,2023-09-29 20:08:11.466481
784,Ж,2009-05-04 05:42:46,Город Москва,2023-09-23 00:08:47.466483
785,Ж,2009-01-13 17:06:48,Город Санкт-Петербург,2023-10-06 06:41:55.466485
786,Ж,2010-07-18 12:12:33,Новосибирская область,2023-10-14 17:13:13.466488
787,Ж,2008-02-18 16:14:47,Краснодарский край,2023-09-25 23:02:52.466490
788,М,2010-09-30 11:44:34,Город Москва,2023-10-07 16:20:28.466492
789,М,2007-10-30 17:18:19,Город Санкт-Петербург,2023-09-26 17:07:50.466495
790,Ж,2010-07-27 03:01:26,Город Москва,2023-10-01 02:41:09.466497
791,Ж,2009-04-01 04:48:59,Нижегородская область,2023-10-11 06:27:47.466500
792,М,2006-12-23 20:10:34,Краснодарский край,2023-10-06 05:37:05.466502
793,Ж,2007-11-25 23:50:31,Город Москва,2023-10-10 16:08:31.466504
794,Ж,2007-02-19 04:53:27,Город Санкт-Петербург,2023-09-22 05:18:23.466507
795,М,2007-11-21 19:40:01,Город Москва,2023-10-14 12:17:41.466509
796,Ж,2010-08-25 14:28:30,Город Санкт-Петербург,2023-10-17 10:02:20.466511
797,Ж,2008-10-07 04:06:56,Город Москва,2023-10-05 14:13:26.466514
798,Ж,2010-10-20 14:57:28,Город Санкт-Петербург,2023-10-08 13:11:42.466516
799,М,2008-01-01 19:53:45,Город Москва,2023-09-21 06:50:38.466518
800,Ж,2010-07-13 10:44:31,Краснодарский край,2023-09-21 17:34:13.466521
801,М,2010-06-02 23:32:27,Краснодарский край,2023-09-24 21:56:25.466523
802,Ж,2009-12-27 11:24:43,Город Москва,2023-09-27 12:34:08.466526
803,Ж,2009-11-12 07:47:06,Нижегородская область,2023-10-06 00:46:44.466528
804,Ж,2008-07-31 10:48:51,Город Москва,2023-10-08 02:45:41.466530
805,М,2008-01-28 18:22:55,Город Москва,2023-10-02 17:56:02.466533
806,Ж,2008-01-26 21:15:32,Город Москва,2023-10-04 10:29:45.466535
807,Ж,2007-03-20 21:49:16,Город Москва,2023-10-16 18:10:00.466538
808,Ж,2010-07-18 17:17:57,Город Санкт-Петербург,2023-10-03 19:27:03.466540
809,М,2008-07-29 06:51:58,Город Москва,2023-09-28 19:45:45.466542
810,Ж,2007-10-31 00:22:02,Город Москва,2023-10-01 19:07:37.466545
811,Ж,2007-11-05 10:21:15,Город Москва,2023-09-28 14:26:15.466547
812,Ж,2010-02-15 10:37:25,Город Санкт-Петербург,2023-10-05 13:04:10.466550
813,М,2007-12-10 07:38:37,Город Москва,2023-09-20 22:38:52.466552
814,М,2007-06-28 21:08:36,Город Санкт-Петербург,2023-10-10 15:27:16.466555
815,М,2009-05-31 03:12:39,Город Москва,2023-10-01 12:06:56.466557
816,Ж,2006-12-14 05:50:54,Город Москва,2023-09-26 04:17:07.466560
817,Ж,2009-01-04 03:11:28,Город Москва,2023-10-09 13:19:51.466562
818,М,2010-08-15 19:06:30,Город Москва,2023-10-10 15:54:09.466564
819,М,2009-05-02 02:59:38,Новосибирская область,2023-10-03 03:01:51.466567
820,Ж,2007-05-17 09:13:13,Краснодарский край,2023-10-01 09:17:09.466569
821,Ж,2008-05-21 14:33:07,Город Москва,2023-10-13 06:53:08.466571
822,Ж,2009-06-24 03:00:48,Город Москва,2023-09-18 16:38:55.466574
823,Ж,2008-06-10 23:27:16,Город Санкт-Петербург,2023-09-19 16:15:04.466576
824,Ж,2009-03-22 18:02:55,Город Москва,2023-09-28 04:47:46.466579
825,Ж,2007-01-20 02:10:13,Город Москва,2023-10-05 07:49:33.466581
826,М,2007-05-31 08:41:30,Новосибирская область,2023-09-29 12:45:31.466583
827,М,2007-05-11 11:09:59,Нижегородская область,2023-09-28 04:52:56.466586
828,Ж,2007-11-17 11:27:52,Город Санкт-Петербург,2023-10-03 04:32:20.466588
829,Ж,2008-11-07 09:36:30,Город Санкт-Петербург,2023-10-12 07:06:18.466591
830,М,2009-06-08 14:21:06,Город Москва,2023-10-05 03:00:05.466593
831,Ж,2010-03-09 08:36:03,Нижегородская область,2023-09-21 03:44:50.466596
832,М,2008-12-05 07:07:46,Город Москва,2023-09-30 19:12:28.466598
833,М,2007-07-10 09:58:07,Город Москва,2023-10-11 10:25:11.466601
834,Ж,2010-06-24 17:34:10,Нижегородская область,2023-10-11 03:14:20.466603
835,Ж,2008-10-08 18:54:24,Новосибирская область,2023-10-03 18:09:40.466605
836,Ж,2010-07-13 09:45:25,Краснодарский край,2023-09-22 01:15:14.466608
837,М,2010-08-01 19:19:05,Город Москва,2023-10-13 22:36:06.466610
838,Ж,2010-01-18 12:36:02,Город Москва,2023-10-15 19:25:02.466612
839,Ж,2009-12-11 00:17:21,Краснодарский край,2023-09-27 16:58:01.466615
840,Ж,2010-04-29 05:10:03,Город Санкт-Петербург,2023-09-21 04:18:46.466617
841,М,2009-06-08 06:49:59,Новосибирская область,2023-09-21 00:37:46.466620
842,Ж,2007-11-07 13:58:44,Город Санкт-Петербург,2023-10-01 22:14:10.466622
843,Ж,2009-05-20 14:06:14,Город Москва,2023-09-19 18:04:14.466624
844,Ж,2009-05-16 00:53:45,Город Санкт-Петербург,2023-10-14 04:20:30.466627
845,Ж,2007-09-03 17:43:50,Город Москва,2023-09-20 12:29:07.466629
846,Ж,2007-03-15 21:30:05,Город Москва,2023-10-17 21:45:33.466631
847,М,2007-11-30 06:11:52,Город Москва,2023-09-27 22:37:21.466634
848,Ж,2008-02-15 15:51:47,Нижегородская область,2023-09-18 13:17:22.466637
849,Ж,2010-02-18 10:20:22,Город Москва,2023-09-19 15:04:32.466639
850,Ж,2007-12-06 18:37:54,Город Москва,2023-10-16 07:14:31.466642
851,Ж,2009-06-23 05:17:50,Город Москва,2023-09-19 18:18:15.466644
852,Ж,2008-03-23 22:54:21,Город Санкт-Петербург,2023-10-09 11:14:15.466646
853,Ж,2007-11-22 20:55:44,Город Москва,2023-09-25 01:58:26.466649
854,Ж,2008-05-29 06:57:22,Новосибирская область,2023-10-08 23:20:40.466651
855,Ж,2010-09-29 19:51:11,Нижегородская область,2023-10-03 12:03:58.466653
856,Ж,2008-02-20 02:33:30,Город Москва,2023-09-29 08:24:55.466656
857,М,2008-05-14 15:49:29,Город Санкт-Петербург,2023-09-19 13:22:47.466658
858,Ж,2008-09-25 19:18:03,Краснодарский край,2023-09-28 07:10:48.466661
859,М,2008-10-28 06:14:39,Краснодарский край,2023-10-04 05:01:58.466663
860,М,2007-01-17 05:31:11,Краснодарский край,2023-09-29 13:48:16.466665
861,М,2007-03-14 17:27:48,Нижегородская область,2023-10-12 08:32:58.466668
862,Ж,2009-06-29 19:56:51,Город Москва,2023-10-05 20:49:33.466670
863,Ж,2007-07-08 07:35:35,Город Москва,2023-09-23 15:44:45.466673
864,Ж,2009-01-12 06:57:34,Город Санкт-Петербург,2023-10-08 00:32:46.466675
865,Ж,2009-06-07 05:18:58,Город Москва,2023-09-28 07:49:49.466677
866,Ж,2008-05-23 14:46:47,Новосибирская область,2023-10-04 21:00:19.466680
867,Ж,2009-10-29 13:40:52,Краснодарский край,2023-09-22 05:06:04.466682
868,Ж,2006-12-22 19:19:26,Город Москва,2023-10-10 14:47:03.466685
869,Ж,2007-07-11 23:01:43,Город Москва,2023-10-01 20:07:21.466687
870,М,2008-08-03 22:45:34,Краснодарский край,2023-10-12 02:13:13.466690
871,М,2007-01-22 05:14:57,Краснодарский край,2023-09-22 22:04:30.466692
872,Ж,2007-02-20 17:22:30,Город Москва,2023-09-20 14:14:44.466694
873,М,2010-05-02 12:40:57,Нижегородская область,2023-10-13 09:55:54.466697
874,М,2007-01-10 18:39:35,Город Санкт-Петербург,2023-10-11 22:19:53.466699
875,М,2007-12-07 12:33:20,Город Москва,2023-09-23 07:12:44.466702
876,М,2008-10-15 21:13:07,Краснодарский край,2023-09-21 10:05:10.466704
877,М,2009-12-03 17:25:03,Город Москва,2023-09-23 03:09:40.466706
878,М,2009-08-26 14:49:16,Нижегородская область,2023-09-21 02:23:56.466709
879,М,2007-05-30 18:06:42,Город Санкт-Петербург,2023-10-08 20:54:19.466711
880,Ж,2008-11-07 12:49:36,Новосибирская область,2023-09-26 15:47:18.466713
881,М,2007-05-01 05:19:56,Краснодарский край,2023-09-28 00:09:48.466716
882,Ж,2010-01-14 11:11:53,Город Санкт-Петербург,2023-09-28 09:08:23.466718
883,М,2009-03-08 00:02:25,Город Санкт-Петербург,2023-10-15 21:40:21.466721
884,Ж,2008-03-25 21:35:26,Город Москва,2023-09-24 01:36:54.466723
885,Ж,2008-03-08 13:11:54,Город Москва,2023-09-25 06:17:57.466726
886,М,2009-11-16 17:45:22,Новосибирская область,2023-10-02 17:21:09.466728
887,М,2009-11-16 11:51:59,Нижегородская область,2023-09-25 23:39:12.466731
888,М,2007-04-21 23:26:24,Новосибирская область,2023-10-11 05:05:15.466733
889,Ж,2007-06-29 16:09:02,Новосибирская область,2023-10-04 14:58:59.466736
890,М,2009-07-27 21:52:13,Город Москва,2023-09-20 00:36:41.466738
891,Ж,2008-12-19 08:17:38,Город Москва,2023-10-02 05:25:20.466740
892,М,2009-12-23 02:53:09,Город Москва,2023-10-02 02:04:19.466743
893,М,2010-05-03 07:41:23,Город Москва,2023-09-25 03:02:49.466745
894,Ж,2007-04-29 13:40:34,Город Москва,2023-10-11 21:50:16.466748
895,М,2007-08-29 09:14:51,Город Москва,2023-10-17 08:51:04.466750
896,Ж,2007-04-19 05:15:09,Город Санкт-Петербург,2023-09-28 10:37:52.466752
897,М,2008-12-04 12:16:27,Город Санкт-Петербург,2023-10-08 08:35:09.466755
898,Ж,2008-02-10 22:25:14,Город Санкт-Петербург,2023-10-05 19:48:03.466757
899,Ж,2006-10-28 04:04:00,Город Москва,2023-09-21 15:17:20.466760
900,Ж,2010-05-03 05:46:03,Краснодарский край,2023-10-17 19:02:39.466762
901,М,2008-08-20 03:55:47,Город Москва,2023-10-11 00:25:17.466764
902,М,2008-04-19 08:34:40,Город Москва,2023-10-03 05:29:11.466767
903,М,2010-04-24 16:29:09,Краснодарский край,2023-10-10 00:03:32.466769
904,Ж,2009-11-21 15:33:24,Город Санкт-Петербург,2023-10-17 01:55:21.466771
905,М,2008-10-31 21:56:55,Город Санкт-Петербург,2023-10-05 17:00:33.466774
906,М,2008-07-24 04:41:19,Город Санкт-Петербург,2023-10-08 04:37:45.466776
907,М,2008-12-03 01:37:17,Новосибирская область,2023-09-19 10:31:53.466779
908,М,2009-06-20 21:34:18,Город Санкт-Петербург,2023-10-11 04:35:48.466781
909,Ж,2008-10-12 06:04:05,Краснодарский край,2023-09-24 07:07:39.466783
910,Ж,2007-06-11 16:27:07,Краснодарский край,2023-09-21 00:53:07.466786
911,Ж,2007-09-04 12:38:13,Краснодарский край,2023-10-05 21:58:10.466788
912,Ж,2009-11-30 19:44:10,Краснодарский край,2023-09-21 07:15:41.466790
913,Ж,2010-01-06 10:58:09,Город Москва,2023-10-03 14:30:37.466793
914,М,2008-09-18 12:05:29,Новосибирская область,2023-09-20 15:38:43.466795
915,Ж,2008-04-22 23:05:02,Краснодарский край,2023-10-09 17:56:20.466798
916,Ж,2009-03-09 05:55:25,Город Москва,2023-10-11 00:33:15.466800
917,Ж,2010-04-15 13:28:42,Город Москва,2023-09-27 01:57:44.466802
918,Ж,2006-12-26 00:32:32,Краснодарский край,2023-10-08 16:41:41.466805
919,Ж,2009-08-25 15:39:29,Город Москва,2023-09-23 06:01:04.466807
920,М,2007-09-02 16:47:01,Город Санкт-Петербург,2023-09-19 09:45:04.466810
921,Ж,2007-05-21 01:42:32,Краснодарский край,2023-10-17 15:36:43.466812
922,М,2010-03-26 00:32:51,Нижегородская область,2023-10-12 08:13:56.466814
923,Ж,2008-10-11 15:54:51,Новосибирская область,2023-09-22 00:34:49.466817
924,Ж,2006-11-23 03:11:40,Новосибирская область,2023-10-02 01:04:06.466819
925,М,2009-02-27 20:55:06,Город Москва,2023-10-14 16:05:47.466822
926,М,2009-11-06 20:23:55,Город Москва,2023-10-14 12:26:48.466824
927,Ж,2008-12-29 20:39:10,Город Москва,2023-10-03 19:58:30.466826
928,М,2010-08-29 11:47:39,Город Москва,2023-09-20 09:10:56.466828
929,М,2010-05-13 09:54:26,Город Москва,2023-09-26 10:58:58.466831
930,Ж,2008-02-27 03:12:46,Город Москва,2023-10-05 23:05:11.466833
931,М,2007-05-18 07:52:29,Нижегородская область,2023-09-29 23:49:34.466836
932,Ж,2007-05-16 15:34:07,Город Москва,2023-10-12 10:40:33.466838
933,Ж,2007-07-19 13:54:46,Город Санкт-Петербург,2023-10-06 12:48:03.466841
934,М,2009-04-21 21:09:32,Краснодарский край,2023-10-14 01:56:30.466843
935,М,2009-04-20 10:56:22,Город Москва,2023-09-22 00:25:18.466845
936,Ж,2010-05-15 02:56:53,Город Москва,2023-10-16 08:53:25.466847
937,М,2008-10-14 00:42:01,Город Санкт-Петербург,2023-10-05 04:44:05.466850
938,Ж,2007-06-13 10:49:33,Новосибирская область,2023-10-07 06:13:54.466852
939,М,2006-12-22 19:59:59,Город Санкт-Петербург,2023-10-05 15:02:02.466855
940,Ж,2008-05-28 04:45:22,Новосибирская область,2023-09-23 07:17:27.466857
941,М,2007-09-23 17:03:41,Город Санкт-Петербург,2023-09-19 22:14:25.466859
942,М,2008-11-12 16:30:06,Город Москва,2023-09-30 18:24:54.466862
943,Ж,2010-03-08 18:18:54,Новосибирская область,2023-09-24 07:27:11.466864
944,Ж,2009-03-06 17:02:40,Город Москва,2023-09-23 22:16:51.466867
945,Ж,2009-01-14 13:29:44,Город Москва,2023-09-19 07:40:58.466869
946,Ж,2008-03-13 19:38:30,Город Москва,2023-09-25 23:24:14.466872
947,Ж,2007-08-31 22:40:54,Город Москва,2023-10-01 08:27:37.466874
948,М,2009-09-15 14:24:43,Краснодарский край,2023-10-15 21:41:40.466877
949,Ж,2010-05-30 02:39:28,Нижегородская область,2023-10-09 14:53:42.466879
950,М,2009-08-01 20:10:02,Город Москва,2023-10-07 18:30:34.466881
951,М,2010-09-27 10:36:31,Город Москва,2023-09-20 01:23:13.466883
952,Ж,2008-03-28 05:35:54,Город Москва,2023-10-03 20:52:18.466886
953,М,2010-05-26 11:37:48,Краснодарский край,2023-09-30 12:36:00.466888
954,Ж,2009-10-16 19:17:00,Город Москва,2023-10-09 07:54:14.466891
955,М,2008-01-14 01:58:35,Краснодарский край,2023-10-14 00:22:02.466893
956,М,2007-09-26 03:38:23,Город Москва,2023-10-03 16:57:34.466895
957,Ж,2008-05-25 12:38:51,Город Санкт-Петербург,2023-10-05 04:53:22.466898
958,Ж,2009-01-30 00:28:56,Город Москва,2023-10-01 00:12:46.466900
959,Ж,2009-05-01 15:29:50,Краснодарский край,2023-10-10 17:28:01.466903
960,Ж,2009-04-16 18:59:03,Новосибирская область,2023-10-10 09:18:20.466905
961,М,2008-04-03 21:33:00,Новосибирская область,2023-10-06 01:45:32.466907
962,М,2008-04-26 00:29:11,Город Санкт-Петербург,2023-09-26 03:42:02.466910
963,Ж,2008-06-29 11:21:42,Нижегородская область,2023-10-04 12:01:48.466912
964,Ж,2010-07-03 13:10:35,Город Москва,2023-09-20 11:57:00.466914
965,Ж,2007-12-21 18:27:00,Город Москва,2023-10-07 19:42:13.466917
966,Ж,2010-06-10 01:27:35,Город Москва,2023-10-16 17:09:15.466919
967,М,2007-12-23 13:45:14,Город Москва,2023-10-15 15:26:17.466922
968,Ж,2010-02-01 07:56:20,Город Москва,2023-09-18 21:00:43.466924
969,Ж,2008-03-08 12:45:38,Город Москва,2023-10-14 03:38:17.466927
970,М,2009-01-31 14:08:19,Город Москва,2023-09-18 02:25:40.466929
971,М,2007-11-04 03:45:56,Краснодарский край,2023-10-08 03:55:05.466931
972,Ж,2006-12-28 11:41:18,Город Москва,2023-09-19 11:30:01.466934
973,М,2007-12-30 03:56:17,Нижегородская область,2023-09-23 12:28:19.466936
974,Ж,2010-07-26 16:47:37,Город Санкт-Петербург,2023-10-07 17:14:51.466938
975,М,2007-07-12 15:39:52,Город Москва,2023-10-10 00:35:34.466941
976,Ж,2008-02-01 21:20:54,Город Москва,2023-10-12 05:16:07.466943
977,Ж,2009-04-20 14:01:34,Город Москва,2023-09-28 09:04:19.466945
978,М,2010-03-04 22:24:35,Новосибирская область,2023-09-24 01:47:09.466948
979,Ж,2008-08-06 04:56:37,Город Москва,2023-10-16 02:33:38.466950
980,М,2009-10-10 08:09:04,Город Санкт-Петербург,2023-09-24 03:50:03.466953
981,Ж,2006-12-17 12:34:36,Город Москва,2023-09-27 07:18:37.466955
982,М,2007-09-04 01:13:36,Новосибирская область,2023-09-23 15:03:57.466957
983,Ж,2008-09-14 16:42:30,Новосибирская область,2023-09-24 11:25:41.466960
984,Ж,2006-11-16 23:41:35,Краснодарский край,2023-09-20 04:10:51.466963
985,Ж,2008-11-06 21:40:27,Город Москва,2023-10-16 00:31:33.466965
986,Ж,2009-09-30 06:12:50,Город Москва,2023-09-25 03:31:12.466967
987,Ж,2009-04-09 21:10:23,Город Санкт-Петербург,2023-09-21 16:58:38.466970
988,М,2009-05-30 01:11:05,Новосибирская область,2023-09-18 16:33:26.466972
989,М,2008-11-14 04:03:19,Город Москва,2023-10-17 13:39:01.466975
990,Ж,2006-11-13 07:43:07,Город Москва,2023-10-16 21:20:13.466977
991,Ж,2008-11-05 22:01:01,Город Москва,2023-09-23 20:52:52.466980
992,Ж,2007-10-02 04:45:41,Город Санкт-Петербург,2023-09-25 12:55:38.466982
993,Ж,2009-11-15 19:41:23,Город Москва,2023-10-09 05:19:11.466985
994,М,2009-10-18 11:54:17,Город Санкт-Петербург,2023-10-05 16:21:14.466987
995,Ж,2010-03-03 16:03:09,Нижегородская область,2023-10-05 06:01:49.466990
996,М,2009-10-23 06:33:42,Город Москва,2023-10-11 15:27:50.466992
997,М,2008-11-27 05:44:59,Город Москва,2023-10-16 12:01:08.466994
998,М,2008-12-16 14:50:57,Краснодарский край,2023-10-13 17:29:46.466996
999,Ж,2009-09-28 13:25:52,Краснодарский край,2023-09-23 15:38:04.466999
1000,Ж,2009-05-22 22:43:47,Город Москва,2023-09-26 11:43:36.467001
